timestamp,project_name,run_id,duration,emissions,emissions_rate,cpu_power,gpu_power,ram_power,cpu_energy,gpu_energy,ram_energy,energy_consumed,country_name,country_iso_code,region,cloud_provider,cloud_region,os,python_version,codecarbon_version,cpu_count,cpu_model,gpu_count,gpu_model,longitude,latitude,ram_total_size,tracking_mode,on_cloud,pue
2023-07-04T22:24:54,codecarbon,3d747ff2-ec19-4642-8527-fb2e891f7997,12.43059492111206,9.12614191599422e-06,7.341677509331775e-07,5.0,0.0,6.0,1.726448867056105e-05,0,2.0716791152954103e-05,3.798127982351515e-05,Ukraine,UKR,,,,macOS-10.16-x86_64-i386-64bit,3.8.5,2.2.4,8,Apple M1,,,30.5287,50.4522,16.0,machine,N,1.0
2023-07-04T22:26:30,codecarbon,62c8c26c-f73f-4bf3-8cca-8565b773c71e,40.26382899284363,2.9560446179519765e-05,7.341687792478393e-07,5.0,0.0,6.0,5.592119859324561e-05,0,6.710379799207053e-05,0.0001230249965853,Ukraine,UKR,,,,macOS-10.16-x86_64-i386-64bit,3.8.5,2.2.4,8,Apple M1,,,30.5287,50.4522,16.0,machine,N,1.0
2023-07-04T22:27:58,codecarbon,ec38963c-389b-46fd-9581-8568c1171646,0.3730230331420898,2.735245449304581e-07,7.332644920783447e-07,5.0,0.0,6.0,5.177944898605347e-07,0,6.205630302429199e-07,1.1383575201034543e-06,Ukraine,UKR,,,,macOS-10.16-x86_64-i386-64bit,3.8.5,2.2.4,8,Apple M1,,,30.5287,50.4522,16.0,machine,N,1.0
2023-07-04T22:27:58,codecarbon,b918a1da-fbe2-47e9-be35-796ef5ff8ea7,2.4203310012817383,1.7768446761343214e-06,7.34132924460892e-07,5.0,0.0,6.0,3.361419174406264e-06,0,4.033472935358684e-06,7.394892109764947e-06,Ukraine,UKR,,,,macOS-10.16-x86_64-i386-64bit,3.8.5,2.2.4,8,Apple M1,,,30.5287,50.4522,16.0,machine,N,1.0
2023-07-04T22:27:58,codecarbon,a4e33ccf-79fc-4f86-9e5d-132708f6c10a,8.491253137588501,6.234027566870054e-06,7.341705006147662e-07,5.0,0.0,6.0,1.1793232957522076e-05,0,1.4151612917582196e-05,2.594484587510427e-05,Ukraine,UKR,,,,macOS-10.16-x86_64-i386-64bit,3.8.5,2.2.4,8,Apple M1,,,30.5287,50.4522,16.0,machine,N,1.0
2023-07-04T22:28:34,codecarbon,f3a22098-b9f7-4f96-b851-a6e3ad1f7d5e,0.326362133026123,2.3915132408407e-07,7.327790202453651e-07,5.0,0.0,6.0,4.529194699393378e-07,0,5.423831939697265e-07,9.953026639090644e-07,Ukraine,UKR,,,,macOS-10.16-x86_64-i386-64bit,3.8.5,2.2.4,8,Apple M1,,,30.5287,50.4522,16.0,machine,N,1.0
2023-07-04T22:28:34,codecarbon,2870c354-ab4b-4504-9e77-7ed437b3380a,2.3641021251678467,1.7355401636097166e-06,7.341223313212396e-07,5.0,0.0,6.0,3.2833003335528904e-06,0,3.939690192540486e-06,7.222990526093377e-06,Ukraine,UKR,,,,macOS-10.16-x86_64-i386-64bit,3.8.5,2.2.4,8,Apple M1,,,30.5287,50.4522,16.0,machine,N,1.0
2023-07-04T22:28:34,codecarbon,53eaa8fb-19fe-458a-92ae-6e927a5efd21,8.22405195236206,6.037884190683894e-06,7.341738872344709e-07,5.0,0.0,6.0,1.1422159605556065e-05,0,1.3706374565760296e-05,2.512853417131636e-05,Ukraine,UKR,,,,macOS-10.16-x86_64-i386-64bit,3.8.5,2.2.4,8,Apple M1,,,30.5287,50.4522,16.0,machine,N,1.0
2023-07-05T12:43:05,codecarbon,ddce3457-c2fb-44bc-a5e9-145a87f39cd5,0.002579927444458,1.3328984763887194e-09,5.166418455883108e-07,5.0,0.0,6.0,3.027584817674425e-09,0,2.519687016805013e-09,5.547271834479438e-09,Ukraine,UKR,,,,macOS-10.16-x86_64-i386-64bit,3.8.5,2.2.4,8,Apple M1,,,30.5287,50.4522,16.0,machine,N,1.0
2023-07-05T12:43:35,codecarbon,2a4d7172-3ed9-46f3-9cde-b8d663167999,2.992305994033813,2.1965561555968395e-06,7.340680264573297e-07,5.0,0.0,6.0,4.15550536579556e-06,0,4.986146688461304e-06,9.141652054256864e-06,Ukraine,UKR,,,,macOS-10.16-x86_64-i386-64bit,3.8.5,2.2.4,8,Apple M1,,,30.5287,50.4522,16.0,machine,N,1.0
2023-07-05T12:46:07,codecarbon,e0d76dd0-aefa-4484-9cc6-9a026e5c349a,2.939872026443481,2.1581383618089883e-06,7.340926211743312e-07,5.0,0.0,6.0,4.082845979266696e-06,0,4.898918469746908e-06,8.981764449013603e-06,Ukraine,UKR,,,,macOS-10.16-x86_64-i386-64bit,3.8.5,2.2.4,8,Apple M1,,,30.5287,50.4522,16.0,machine,N,1.0
2023-07-05T12:46:41,codecarbon,a6f4f54c-0cfd-494c-babb-de999ca623f7,0.0573601722717285,4.1709580882390345e-08,7.27152294536396e-07,5.0,0.0,6.0,7.925033569335938e-08,0,9.433706601460777e-08,1.7358740170796713e-07,Ukraine,UKR,,,,macOS-10.16-x86_64-i386-64bit,3.8.5,2.2.4,8,Apple M1,,,30.5287,50.4522,16.0,machine,N,1.0
2023-07-05T12:46:41,codecarbon,3c5f6cca-0d91-46d4-a7d8-13b8769fe8b2,5.009459018707275,3.6777051316102335e-06,7.341521545293111e-07,5.0,0.0,6.0,6.957368055979411e-06,0,8.348546425501506e-06,1.5305914481480917e-05,Ukraine,UKR,,,,macOS-10.16-x86_64-i386-64bit,3.8.5,2.2.4,8,Apple M1,,,30.5287,50.4522,16.0,machine,N,1.0
2023-07-05T12:48:05,codecarbon,e414ebe3-028f-4556-ac16-a536a50f68f4,43.06009578704834,3.1613740835931565e-05,7.341772064854621e-07,5.0,0.0,6.0,5.980512764718798e-05,0,7.17652936776479e-05,0.0001315704213248,Ukraine,UKR,,,,macOS-10.16-x86_64-i386-64bit,3.8.5,2.2.4,8,Apple M1,,,30.5287,50.4522,16.0,machine,N,1.0
2023-07-05T12:48:56,codecarbon,2556417f-7a75-41f3-b35b-01a32e73beaf,45.87473011016846,3.367988528545697e-05,7.341707559820953e-07,5.0,0.0,6.0,6.371397376060487e-05,0,7.645535071690876e-05,0.0001401693244775,Ukraine,UKR,,,,macOS-10.16-x86_64-i386-64bit,3.8.5,2.2.4,8,Apple M1,,,30.5287,50.4522,16.0,machine,N,1.0
2023-07-05T12:49:42,codecarbon,ace5a79e-f1a5-4989-a965-aeee955ee610,43.59823894500733,3.200875498492718e-05,7.341754107385266e-07,5.0,0.0,6.0,6.055251856644948e-05,0,7.26618770758311e-05,0.0001332143956422,Ukraine,UKR,,,,macOS-10.16-x86_64-i386-64bit,3.8.5,2.2.4,8,Apple M1,,,30.5287,50.4522,16.0,machine,N,1.0
2023-07-05T12:50:30,codecarbon,19730606-2bb0-41e8-8c68-02cf9f43e822,42.97602105140686,3.155195580944485e-05,7.34175827299209e-07,5.0,0.0,6.0,5.968831247753567e-05,0,7.16249712308248e-05,0.0001313132837083,Ukraine,UKR,,,,macOS-10.16-x86_64-i386-64bit,3.8.5,2.2.4,8,Apple M1,,,30.5287,50.4522,16.0,machine,N,1.0
2023-07-05T12:51:20,codecarbon,954ce186-528b-4f84-8056-1d9ea3a8fff1,45.43822979927063,3.335918961923652e-05,7.341656963003431e-07,5.0,0.0,6.0,6.310763988229963e-05,0,7.572700977325439e-05,0.0001388346496555,Ukraine,UKR,,,,macOS-10.16-x86_64-i386-64bit,3.8.5,2.2.4,8,Apple M1,,,30.5287,50.4522,16.0,machine,N,1.0
2023-07-05T12:51:20,codecarbon,0e80a9b4-02b3-4152-850a-1805b1dc629b,241.02000999450684,0.0001769495810617,7.341696694218944e-07,5.0,0.0,6.0,0.0003347450931866,0,0.0004016856586933,0.00073643075188,Ukraine,UKR,,,,macOS-10.16-x86_64-i386-64bit,3.8.5,2.2.4,8,Apple M1,,,30.5287,50.4522,16.0,machine,N,1.0
2023-07-05T12:51:20,codecarbon,ba2db844-bbfe-486f-bd63-b6aceece180f,246.8853299617768,0.0001812551719054,7.341674449976234e-07,5.0,0.0,6.0,0.0003428904698954,0,0.0004114593382676,0.0007543498081631,Ukraine,UKR,,,,macOS-10.16-x86_64-i386-64bit,3.8.5,2.2.4,8,Apple M1,,,30.5287,50.4522,16.0,machine,N,1.0
2023-07-05T12:55:44,codecarbon,d203a624-2f92-4fe8-9537-611ca8fc7366,0.9306349754333496,6.829266806205114e-07,7.338287283932211e-07,5.0,0.0,6.0,1.292283336321513e-06,0,1.5499285856882731e-06,2.842211922009786e-06,Ukraine,UKR,,,,macOS-10.16-x86_64-i386-64bit,3.8.5,2.2.4,8,Apple M1,,,30.5287,50.4522,16.0,machine,N,1.0
2023-07-05T12:55:44,codecarbon,f9cc3f74-0eb2-462b-8651-9fd6803c3ade,3.17185115814209,2.3286157443549898e-06,7.341503835630721e-07,5.0,0.0,6.0,4.405214058028327e-06,0,5.2860450744628905e-06,9.691259132491218e-06,Ukraine,UKR,,,,macOS-10.16-x86_64-i386-64bit,3.8.5,2.2.4,8,Apple M1,,,30.5287,50.4522,16.0,machine,N,1.0
2023-07-05T12:55:44,codecarbon,eecd4c99-a1d1-4281-a584-aea36bbd40e1,9.27338981628418,6.808304793190956e-06,7.341764908054975e-07,5.0,0.0,6.0,1.2879559397697448e-05,0,1.5455319881439208e-05,2.8334879279136656e-05,Ukraine,UKR,,,,macOS-10.16-x86_64-i386-64bit,3.8.5,2.2.4,8,Apple M1,,,30.5287,50.4522,16.0,machine,N,1.0
2023-07-05T12:56:40,codecarbon,d1481707-83b9-44ab-8b91-12fe287c811d,0.9010238647460938,6.61287325840526e-07,7.33928757843584e-07,5.0,0.0,6.0,1.2511832846535576e-06,0,1.5009697278340658e-06,2.7521530124876232e-06,Ukraine,UKR,,,,macOS-10.16-x86_64-i386-64bit,3.8.5,2.2.4,8,Apple M1,,,30.5287,50.4522,16.0,machine,N,1.0
2023-07-05T12:56:40,codecarbon,577fae6f-d31b-4eb7-a760-5dc69afb8da0,3.0799038410186768,2.261079081363148e-06,7.341395050227598e-07,5.0,0.0,6.0,4.277469383345709e-06,0,5.132714907328288e-06,9.410184290673996e-06,Ukraine,UKR,,,,macOS-10.16-x86_64-i386-64bit,3.8.5,2.2.4,8,Apple M1,,,30.5287,50.4522,16.0,machine,N,1.0
2023-07-05T12:56:40,codecarbon,0ccf594a-15f6-43ee-b51a-f0b5ea7a1ccc,9.091832876205444,6.6750165686898766e-06,7.341772181227943e-07,5.0,0.0,6.0,1.262741916709476e-05,0,1.515273968378703e-05,2.778015885088179e-05,Ukraine,UKR,,,,macOS-10.16-x86_64-i386-64bit,3.8.5,2.2.4,8,Apple M1,,,30.5287,50.4522,16.0,machine,N,1.0
2023-07-05T13:11:58,codecarbon,ff149ac8-1b3e-45b8-ba3b-1dd218041c2f,44.87342596054077,3.2944596927584546e-05,7.341671874252306e-07,5.0,0.0,6.0,6.232322189542983e-05,0,7.478597124417624e-05,0.0001371091931396,Ukraine,UKR,,,,macOS-10.16-x86_64-i386-64bit,3.8.5,2.2.4,8,Apple M1,,,30.5287,50.4522,16.0,machine,N,1.0
2023-07-05T13:12:46,codecarbon,16df6abe-9c64-43b8-9165-c8a68041400f,42.330995082855225,3.107812584476736e-05,7.341695082749078e-07,5.0,0.0,6.0,5.879208611117469e-05,0,7.054920673370362e-05,0.0001293412928448,Ukraine,UKR,,,,macOS-10.16-x86_64-i386-64bit,3.8.5,2.2.4,8,Apple M1,,,30.5287,50.4522,16.0,machine,N,1.0
2023-07-05T13:13:31,codecarbon,d63a6862-bdb1-49c1-824a-64e268ff341a,41.828659772872925,3.0709072113876875e-05,7.341634248055105e-07,5.0,0.0,6.0,5.8094019028875565e-05,0,6.971134185791015e-05,0.0001278053608867,Ukraine,UKR,,,,macOS-10.16-x86_64-i386-64bit,3.8.5,2.2.4,8,Apple M1,,,30.5287,50.4522,16.0,machine,N,1.0
2023-07-05T13:14:23,codecarbon,e74ca55b-2ccf-4b52-aba6-631af5a13ea6,46.045488119125366,3.343836224646794e-07,7.2620279667703315e-09,5.0,0.0,6.0,6.393857068485684e-05,0,7.672313213348389e-05,0.0001406617028183,Canada,CAN,quebec,,,macOS-10.16-x86_64-i386-64bit,3.8.5,2.2.4,8,Apple M1,,,-71.2,46.8,16.0,machine,N,1.0
2023-07-05T13:15:12,codecarbon,642a95f1-319b-47b7-bcf2-13cfa6fd9fa9,43.5139467716217,3.160673797332096e-07,7.2635879570303155e-09,5.0,0.0,6.0,6.043536166350047e-05,0,7.252143661181133e-05,0.0001329567982753,Canada,CAN,quebec,,,macOS-10.16-x86_64-i386-64bit,3.8.5,2.2.4,8,Apple M1,,,-71.2,46.8,16.0,machine,N,1.0
2023-07-05T13:15:12,codecarbon,64af9aca-6286-4678-b704-74cd3cee15cf,241.54069995880127,0.000177331162918,7.341668006603469e-07,5.0,0.0,6.0,0.0003354674455192,0,0.0004025513780117,0.0007380188235309,Ukraine,UKR,,,,macOS-10.16-x86_64-i386-64bit,3.8.5,2.2.4,8,Apple M1,,,30.5287,50.4522,16.0,machine,N,1.0
2023-07-05T13:15:12,codecarbon,0fcc6133-86ab-4a36-b61f-9d35a66ce071,248.12680435180664,0.0001821654497143,7.341627205097102e-07,5.0,0.0,6.0,0.000344613217314,0,0.0004135249952475,0.0007581382125616,Ukraine,UKR,,,,macOS-10.16-x86_64-i386-64bit,3.8.5,2.2.4,8,Apple M1,,,30.5287,50.4522,16.0,machine,N,1.0
2023-07-05T13:17:04,codecarbon,7b9723fd-9531-449d-a107-eb1495c422aa,46.7120840549469,3.4294531173973615e-05,7.341682964440924e-07,5.0,0.0,6.0,6.48768209748798e-05,0,7.785054365793865e-05,0.0001427273646328,Ukraine,UKR,,,,macOS-10.16-x86_64-i386-64bit,3.8.5,2.2.4,8,Apple M1,,,30.5287,50.4522,16.0,machine,N,1.0
2023-07-05T13:17:57,codecarbon,ace6e086-d52d-4e57-8ba4-264f21b4eb06,47.87470388412476,3.5148010044696604e-05,7.341666306650865e-07,5.0,0.0,6.0,6.649167603916593e-05,0,7.97877065340678e-05,0.0001462793825732,Ukraine,UKR,,,,macOS-10.16-x86_64-i386-64bit,3.8.5,2.2.4,8,Apple M1,,,30.5287,50.4522,16.0,machine,N,1.0
2023-07-05T13:18:46,codecarbon,7fa76e19-a536-4d69-8b73-b4bfc998cf3c,45.76465010643005,3.359918174460994e-05,7.341732465226292e-07,5.0,0.0,6.0,6.356128023730385e-05,0,7.627217133839924e-05,0.0001398334515757,Ukraine,UKR,,,,macOS-10.16-x86_64-i386-64bit,3.8.5,2.2.4,8,Apple M1,,,30.5287,50.4522,16.0,machine,N,1.0
2023-07-05T13:19:35,codecarbon,348387fb-aeac-4059-8437-99f8a8fc8273,43.37778091430664,3.184625841177304e-05,7.341606172682214e-07,5.0,0.0,6.0,6.024536093076071e-05,0,7.229275465011596e-05,0.0001325381155808,Ukraine,UKR,,,,macOS-10.16-x86_64-i386-64bit,3.8.5,2.2.4,8,Apple M1,,,30.5287,50.4522,16.0,machine,N,1.0
2023-07-05T13:20:19,codecarbon,194c59c1-ba6d-416d-b176-2f3ff56eee3a,40.81095790863037,2.996195720805062e-05,7.341645171654868e-07,5.0,0.0,6.0,5.6680778000089854e-05,0,6.801523168881735e-05,0.0001246960096889,Ukraine,UKR,,,,macOS-10.16-x86_64-i386-64bit,3.8.5,2.2.4,8,Apple M1,,,30.5287,50.4522,16.0,machine,N,1.0
2023-07-05T13:21:05,codecarbon,99c12a6b-9ce3-488e-9226-568c535f38c4,40.6193790435791,2.982156944250001e-05,7.341709830301812e-07,5.0,0.0,6.0,5.641489956114027e-05,0,6.769684274991354e-05,0.000124111742311,Ukraine,UKR,,,,macOS-10.16-x86_64-i386-64bit,3.8.5,2.2.4,8,Apple M1,,,30.5287,50.4522,16.0,machine,N,1.0
2023-07-05T13:21:49,codecarbon,4242299d-bf80-4bbe-8280-455e7ac7832c,40.481112003326416,2.972022130755584e-05,7.341750222946856e-07,5.0,0.0,6.0,5.622316102186839e-05,0,6.746678948402405e-05,0.0001236899505058,Ukraine,UKR,,,,macOS-10.16-x86_64-i386-64bit,3.8.5,2.2.4,8,Apple M1,,,30.5287,50.4522,16.0,machine,N,1.0
2023-07-05T13:22:34,codecarbon,2b627a05-9691-48fc-a93b-4c2b555c0eed,40.49977111816406,2.9733899457902376e-05,7.341745061015119e-07,5.0,0.0,6.0,5.624902215268877e-05,0,6.749785423278808e-05,0.0001237468763854,Ukraine,UKR,,,,macOS-10.16-x86_64-i386-64bit,3.8.5,2.2.4,8,Apple M1,,,30.5287,50.4522,16.0,machine,N,1.0
2023-07-05T13:23:18,codecarbon,03c62257-6965-45f9-bbaf-442b619aa489,40.63348031044006,2.983212983158429e-05,7.341760933020411e-07,5.0,0.0,6.0,5.6434826056162514e-05,0,6.77208666006724e-05,0.0001241556926568,Ukraine,UKR,,,,macOS-10.16-x86_64-i386-64bit,3.8.5,2.2.4,8,Apple M1,,,30.5287,50.4522,16.0,machine,N,1.0
2023-07-05T13:24:03,codecarbon,7da876fe-bec8-438a-a301-20ec0933d38d,40.11013293266296,2.9447891662563217e-05,7.341758680281724e-07,5.0,0.0,6.0,5.5707967612478464e-05,0,6.684859832127888e-05,0.0001225565659337,Ukraine,UKR,,,,macOS-10.16-x86_64-i386-64bit,3.8.5,2.2.4,8,Apple M1,,,30.5287,50.4522,16.0,machine,N,1.0
2023-07-05T13:24:03,codecarbon,1a6e5df7-ce37-4782-b691-7f5e7ea17eab,468.94954800605774,0.0003442877051266,7.341679005567423e-07,5.0,0.0,6.0,0.0006513081226083,0,0.0007815523115793,0.0014328604341877,Ukraine,UKR,,,,macOS-10.16-x86_64-i386-64bit,3.8.5,2.2.4,8,Apple M1,,,30.5287,50.4522,16.0,machine,N,1.0
2023-07-05T13:24:03,codecarbon,1a41d285-b95b-48a9-9eee-beb7c6dea34c,475.378769159317,0.0003490063497682,7.341647806136535e-07,5.0,0.0,6.0,0.0006602364960643,0,0.0007922620463371,0.0014524985424015,Ukraine,UKR,,,,macOS-10.16-x86_64-i386-64bit,3.8.5,2.2.4,8,Apple M1,,,30.5287,50.4522,16.0,machine,N,1.0
2023-07-05T13:40:46,codecarbon,e38050b6-d811-4960-9ebe-33ab22563902,40.40998005867005,2.9667881113009983e-05,7.341721295070196e-07,5.0,0.0,6.0,5.612424545817906e-05,0,6.734787503878274e-05,0.0001234721204969,Ukraine,UKR,,,,macOS-10.16-x86_64-i386-64bit,3.8.5,2.2.4,8,Apple M1,,,30.5287,50.4522,16.0,machine,N,1.0
2023-07-05T13:41:32,codecarbon,3dca005a-d65b-4e85-a385-9e260af64c59,40.10816502571106,2.944621392687161e-05,7.341700600861527e-07,5.0,0.0,6.0,5.5705068508783976e-05,0,6.684451500574748e-05,0.0001225495835145,Ukraine,UKR,,,,macOS-10.16-x86_64-i386-64bit,3.8.5,2.2.4,8,Apple M1,,,30.5287,50.4522,16.0,machine,N,1.0
2023-07-05T13:42:15,codecarbon,632219fc-7ff5-45a3-9afc-8e6c7356cd17,40.004011154174805,2.936977479865816e-05,7.341707481649159e-07,5.0,0.0,6.0,5.556022789743212e-05,0,6.667123039563497e-05,0.000122231458293,Ukraine,UKR,,,,macOS-10.16-x86_64-i386-64bit,3.8.5,2.2.4,8,Apple M1,,,30.5287,50.4522,16.0,machine,N,1.0
2023-07-05T14:18:55,codecarbon,be8f7f7e-47d1-4a4a-9d34-cd90ed18626d,2195.510139942169,0.0016119182611863,7.341884839706422e-07,5.0,0.0,6.0,0.0030493185738722,0,0.0036591809316476,0.0067084995055198,Ukraine,UKR,,,,macOS-10.16-x86_64-i386-64bit,3.8.5,2.2.4,8,Apple M1,,,30.5287,50.4522,16.0,machine,N,1.0
2023-07-05T14:19:42,codecarbon,68f45cb0-f789-4b3e-8827-8666d77e2c18,41.545981884002686,3.017665757335537e-07,7.263435885956257e-09,5.0,0.0,6.0,5.7702175776163736e-05,0,6.923885107040406e-05,0.0001269410268465,Canada,CAN,quebec,,,macOS-10.16-x86_64-i386-64bit,3.8.5,2.2.4,8,Apple M1,,,-71.2,46.8,16.0,machine,N,1.0
2023-07-05T14:20:30,codecarbon,92f190ca-8912-4359-9272-8efbdbb39dcd,42.275110721588135,3.1037147853461904e-05,7.34170705261158e-07,5.0,0.0,6.0,5.871455371379852e-05,0,7.04561964670817e-05,0.0001291707501808,Ukraine,UKR,,,,macOS-10.16-x86_64-i386-64bit,3.8.5,2.2.4,8,Apple M1,,,30.5287,50.4522,16.0,machine,N,1.0
2023-07-05T14:21:16,codecarbon,eaf4be4e-5d31-4956-b2d4-73c6b13f01a8,42.18046593666077,3.096789286042055e-05,7.341761683458573e-07,5.0,0.0,6.0,5.8583415548006695e-05,0,7.029910842577616e-05,0.0001288825239737,Ukraine,UKR,,,,macOS-10.16-x86_64-i386-64bit,3.8.5,2.2.4,8,Apple M1,,,30.5287,50.4522,16.0,machine,N,1.0
2023-07-05T14:22:02,codecarbon,db409598-7b30-4bfc-a72b-bc7253edb860,40.65441107749939,2.9847509237207308e-05,7.341764016777684e-07,5.0,0.0,6.0,5.6463927361700274e-05,0,6.775577147801718e-05,0.0001242196988397,Ukraine,UKR,,,,macOS-10.16-x86_64-i386-64bit,3.8.5,2.2.4,8,Apple M1,,,30.5287,50.4522,16.0,machine,N,1.0
2023-07-05T14:22:47,codecarbon,8d50b8c8-5718-4579-8cd6-b35c06460586,41.66146421432495,3.058668529652754e-05,7.341721150071956e-07,5.0,0.0,6.0,5.786245961983999e-05,0,6.943355043729146e-05,0.0001272960100571,Ukraine,UKR,,,,macOS-10.16-x86_64-i386-64bit,3.8.5,2.2.4,8,Apple M1,,,30.5287,50.4522,16.0,machine,N,1.0
2023-07-05T14:23:36,codecarbon,4439e866-3466-4911-aff5-52cec771c7a0,43.88694381713867,3.222079064645237e-05,7.341771343364663e-07,5.0,0.0,6.0,6.095355020629034e-05,0,7.314329783121745e-05,0.0001340968480375,Ukraine,UKR,,,,macOS-10.16-x86_64-i386-64bit,3.8.5,2.2.4,8,Apple M1,,,30.5287,50.4522,16.0,machine,N,1.0
2023-07-05T14:24:23,codecarbon,de251c1d-4c64-41f8-b39a-b389dc96345d,44.26939392089844,3.250124107260175e-05,7.3416955133101e-07,5.0,0.0,6.0,6.14842779106564e-05,0,7.377975185712178e-05,0.0001352640297677,Ukraine,UKR,,,,macOS-10.16-x86_64-i386-64bit,3.8.5,2.2.4,8,Apple M1,,,30.5287,50.4522,16.0,machine,N,1.0
2023-07-05T14:25:08,codecarbon,425bbc20-434f-4333-b59f-351bb9672389,39.66929912567139,2.9124251990389825e-05,7.341761168536125e-07,5.0,0.0,6.0,5.509571532408396e-05,0,6.611392339070638e-05,0.0001212096387147,Ukraine,UKR,,,,macOS-10.16-x86_64-i386-64bit,3.8.5,2.2.4,8,Apple M1,,,30.5287,50.4522,16.0,machine,N,1.0
2023-07-05T14:25:52,codecarbon,a6c078af-8938-49bb-a486-15629494917b,39.49798393249512,2.8998467722858324e-05,7.341758954689632e-07,5.0,0.0,6.0,5.485777490668827e-05,0,6.582837343215943e-05,0.0001206861483388,Ukraine,UKR,,,,macOS-10.16-x86_64-i386-64bit,3.8.5,2.2.4,8,Apple M1,,,30.5287,50.4522,16.0,machine,N,1.0
2023-07-05T14:26:39,codecarbon,18734a41-2f62-4d89-84e0-d224b01e1986,41.38847279548645,3.038642774343225e-05,7.34176104868165e-07,5.0,0.0,6.0,5.748344891601138e-05,0,6.897912700970967e-05,0.0001264625759257,Ukraine,UKR,,,,macOS-10.16-x86_64-i386-64bit,3.8.5,2.2.4,8,Apple M1,,,30.5287,50.4522,16.0,machine,N,1.0
2023-07-05T14:27:26,codecarbon,839ebd99-b74c-46a9-946a-f869bd659c49,44.07203888893128,3.235631553891765e-05,7.341687917017146e-07,5.0,0.0,6.0,6.120997038152483e-05,0,7.345090667406719e-05,0.0001346608770555,Ukraine,UKR,,,,macOS-10.16-x86_64-i386-64bit,3.8.5,2.2.4,8,Apple M1,,,30.5287,50.4522,16.0,machine,N,1.0
2023-07-05T14:28:14,codecarbon,b7d3c9cc-c731-42ad-ac8a-3b9d423f97fc,43.21307325363159,3.172601001481215e-05,7.341762023867608e-07,5.0,0.0,6.0,6.001755893230439e-05,0,7.202010552088419e-05,0.0001320376644531,Ukraine,UKR,,,,macOS-10.16-x86_64-i386-64bit,3.8.5,2.2.4,8,Apple M1,,,30.5287,50.4522,16.0,machine,N,1.0
2023-07-05T14:29:00,codecarbon,9a022608-5903-46c8-8903-da188c33353e,42.97953009605408,3.1554565576317574e-05,7.341766069986554e-07,5.0,0.0,6.0,5.969324674871232e-05,0,7.163089831670126e-05,0.0001313241450654,Ukraine,UKR,,,,macOS-10.16-x86_64-i386-64bit,3.8.5,2.2.4,8,Apple M1,,,30.5287,50.4522,16.0,machine,N,1.0
2023-07-05T14:29:48,codecarbon,56329877-528d-471c-b271-03e3294dc9b9,42.80898499488831,3.142938365203804e-05,7.341772680616215e-07,5.0,0.0,6.0,5.945639974541135e-05,0,7.134676178296408e-05,0.0001308031615283,Ukraine,UKR,,,,macOS-10.16-x86_64-i386-64bit,3.8.5,2.2.4,8,Apple M1,,,30.5287,50.4522,16.0,machine,N,1.0
2023-07-05T14:30:34,codecarbon,f3dfe12d-5f84-44e2-b382-882aa5889535,42.76903414726257,3.139999274812275e-05,7.341758675214905e-07,5.0,0.0,6.0,5.940081808302138e-05,0,7.128002405166627e-05,0.0001306808421346,Ukraine,UKR,,,,macOS-10.16-x86_64-i386-64bit,3.8.5,2.2.4,8,Apple M1,,,30.5287,50.4522,16.0,machine,N,1.0
2023-07-05T14:31:22,codecarbon,b371fa81-4fab-498e-b8f1-b034c1b72045,42.72784113883972,3.136975455036693e-05,7.341759778696551e-07,5.0,0.0,6.0,5.934366318914625e-05,0,7.121133327484131e-05,0.0001305549964639,Ukraine,UKR,,,,macOS-10.16-x86_64-i386-64bit,3.8.5,2.2.4,8,Apple M1,,,30.5287,50.4522,16.0,machine,N,1.0
2023-07-05T14:32:09,codecarbon,15191152-f620-46ed-a3ad-76982b04a9d7,43.435996770858765,3.188963312515948e-05,7.341752347342066e-07,5.0,0.0,6.0,6.03272063864602e-05,0,7.239142656326293e-05,0.0001327186329497,Ukraine,UKR,,,,macOS-10.16-x86_64-i386-64bit,3.8.5,2.2.4,8,Apple M1,,,30.5287,50.4522,16.0,machine,N,1.0
2023-07-05T14:32:58,codecarbon,3f76d11c-3f67-4087-9b8e-4a65156d13fe,43.90438508987427,3.223352640617954e-05,7.341755576395398e-07,5.0,0.0,6.0,6.097775267230141e-05,0,7.317209919293721e-05,0.0001341498518652,Ukraine,UKR,,,,macOS-10.16-x86_64-i386-64bit,3.8.5,2.2.4,8,Apple M1,,,30.5287,50.4522,16.0,machine,N,1.0
2023-07-05T14:33:42,codecarbon,276ee725-eff6-4d74-8f95-badc30cd73d0,40.47057104110718,2.971243992132876e-05,7.341739727652704e-07,5.0,0.0,6.0,5.620851152473026e-05,0,6.744905432065328e-05,0.0001236575658453,Ukraine,UKR,,,,macOS-10.16-x86_64-i386-64bit,3.8.5,2.2.4,8,Apple M1,,,30.5287,50.4522,16.0,machine,N,1.0
2023-07-05T14:34:29,codecarbon,bfb80609-1708-4106-9b40-aaed5856eb2b,42.22261190414429,3.0998828339076046e-05,7.341760005148665e-07,5.0,0.0,6.0,5.864196320374807e-05,0,7.036930839220682e-05,0.0001290112715959,Ukraine,UKR,,,,macOS-10.16-x86_64-i386-64bit,3.8.5,2.2.4,8,Apple M1,,,30.5287,50.4522,16.0,machine,N,1.0
2023-07-05T14:35:16,codecarbon,7c433b7e-e47a-4746-bb1d-cd8e1d147861,43.994959115982056,3.230008383968936e-05,7.34176925918672e-07,5.0,0.0,6.0,6.110356814331478e-05,0,7.332328319549561e-05,0.0001344268513388,Ukraine,UKR,,,,macOS-10.16-x86_64-i386-64bit,3.8.5,2.2.4,8,Apple M1,,,30.5287,50.4522,16.0,machine,N,1.0
2023-07-05T14:36:05,codecarbon,3445ef0d-ba00-48d4-8e97-c4ca0dad8451,43.58330082893372,3.199770743172169e-05,7.341735670116872e-07,5.0,0.0,6.0,6.053163309892019e-05,0,7.263678471247355e-05,0.0001331684178113,Ukraine,UKR,,,,macOS-10.16-x86_64-i386-64bit,3.8.5,2.2.4,8,Apple M1,,,30.5287,50.4522,16.0,machine,N,1.0
2023-07-05T14:36:49,codecarbon,ec31ba71-fb98-45a0-b74e-5dd001d89610,41.57057476043701,3.052011997011237e-05,7.341760402879628e-07,5.0,0.0,6.0,5.773634745015038e-05,0,6.928263028462728e-05,0.0001270189777347,Ukraine,UKR,,,,macOS-10.16-x86_64-i386-64bit,3.8.5,2.2.4,8,Apple M1,,,30.5287,50.4522,16.0,machine,N,1.0
2023-07-05T14:37:36,codecarbon,640f8819-9f53-4b37-865c-8038c1673c07,41.25504422187805,3.028848203947544e-05,7.341764531042022e-07,5.0,0.0,6.0,5.729813079039256e-05,0,6.875681360562642e-05,0.000126054944396,Ukraine,UKR,,,,macOS-10.16-x86_64-i386-64bit,3.8.5,2.2.4,8,Apple M1,,,30.5287,50.4522,16.0,machine,N,1.0
2023-07-05T14:38:20,codecarbon,b04eaafb-cc8d-4552-a8b1-9af34e5e86b8,41.45403218269348,3.0434585557455483e-05,7.341767243129977e-07,5.0,0.0,6.0,5.757450130250719e-05,0,6.908849835395813e-05,0.0001266629996564,Ukraine,UKR,,,,macOS-10.16-x86_64-i386-64bit,3.8.5,2.2.4,8,Apple M1,,,30.5287,50.4522,16.0,machine,N,1.0
2023-07-05T14:39:10,codecarbon,fca06cb3-268d-40e3-976d-bc5f0eaa0f0e,43.66288423538208,3.2056154077511355e-05,7.341739932868372e-07,5.0,0.0,6.0,6.064221693409814e-05,0,7.276944478352865e-05,0.0001334116617176,Ukraine,UKR,,,,macOS-10.16-x86_64-i386-64bit,3.8.5,2.2.4,8,Apple M1,,,30.5287,50.4522,16.0,machine,N,1.0
2023-07-05T14:39:57,codecarbon,651a4895-ed36-40fa-a3a7-ea315669b975,44.75276279449463,3.285642244948281e-05,7.341764038202514e-07,5.0,0.0,6.0,6.215603285365635e-05,0,7.458619475364685e-05,0.0001367422276073,Ukraine,UKR,,,,macOS-10.16-x86_64-i386-64bit,3.8.5,2.2.4,8,Apple M1,,,30.5287,50.4522,16.0,machine,N,1.0
2023-07-05T14:40:50,codecarbon,51f62095-1b0c-4a01-94c5-a9c0914d416d,47.31867504119873,3.473981019263002e-05,7.341670104326309e-07,5.0,0.0,6.0,6.57193187210295e-05,0,7.886121312777203e-05,0.0001445805318488,Ukraine,UKR,,,,macOS-10.16-x86_64-i386-64bit,3.8.5,2.2.4,8,Apple M1,,,30.5287,50.4522,16.0,machine,N,1.0
2023-07-05T14:41:41,codecarbon,f0399548-5c2a-4791-9cc6-183f94cd76f4,44.614392042160034,3.240603392898401e-07,7.263582993210064e-09,5.0,0.0,6.0,6.196374893188476e-05,0,7.43553650379181e-05,0.0001363191139698,Canada,CAN,quebec,,,macOS-10.16-x86_64-i386-64bit,3.8.5,2.2.4,8,Apple M1,,,-71.2,46.8,16.0,machine,N,1.0
2023-07-05T14:42:30,codecarbon,84c6ffb5-8159-40ee-b450-165d2970014b,44.0067458152771,3.2308452276664304e-05,7.341704476918698e-07,5.0,0.0,6.0,6.111947629186842e-05,0,7.334220290184022e-05,0.0001344616791937,Ukraine,UKR,,,,macOS-10.16-x86_64-i386-64bit,3.8.5,2.2.4,8,Apple M1,,,30.5287,50.4522,16.0,machine,N,1.0
2023-07-05T14:43:17,codecarbon,5a478b52-d44a-4707-97a0-8ac87df15b8a,43.17905426025391,3.1700758032700755e-05,7.341698093161141e-07,5.0,0.0,6.0,5.996984872553084e-05,0,7.196272174517313e-05,0.0001319325704707,Ukraine,UKR,,,,macOS-10.16-x86_64-i386-64bit,3.8.5,2.2.4,8,Apple M1,,,30.5287,50.4522,16.0,machine,N,1.0
2023-07-05T14:44:04,codecarbon,63ca14a8-bfcf-4c2e-be90-0122a1842b4d,42.657798290252686,3.1318350842674575e-05,7.341764483384231e-07,5.0,0.0,6.0,5.9246392051378885e-05,0,7.109467188517252e-05,0.0001303410639365,Ukraine,UKR,,,,macOS-10.16-x86_64-i386-64bit,3.8.5,2.2.4,8,Apple M1,,,30.5287,50.4522,16.0,machine,N,1.0
2023-07-05T14:44:52,codecarbon,3748c17f-242c-4561-8cfa-89b05b7f4618,44.75563097000122,3.285849040659534e-05,7.341755594646785e-07,5.0,0.0,6.0,6.215998894638485e-05,0,7.459084510803224e-05,0.0001367508340544,Ukraine,UKR,,,,macOS-10.16-x86_64-i386-64bit,3.8.5,2.2.4,8,Apple M1,,,30.5287,50.4522,16.0,machine,N,1.0
2023-07-05T14:45:42,codecarbon,437485c8-9e98-46dd-bb03-e3027ecfa86a,43.22382092475891,3.1733556841715176e-05,7.341682471097313e-07,5.0,0.0,6.0,6.003209054470062e-05,0,7.203698237737019e-05,0.000132069072922,Ukraine,UKR,,,,macOS-10.16-x86_64-i386-64bit,3.8.5,2.2.4,8,Apple M1,,,30.5287,50.4522,16.0,machine,N,1.0
2023-07-05T14:46:27,codecarbon,770e5bdd-2bff-4687-9c37-073015ebaa7d,41.93752694129944,3.0789454528050946e-05,7.341743010060509e-07,5.0,0.0,6.0,5.824593438042535e-05,0,6.989396293958028e-05,0.00012813989732,Ukraine,UKR,,,,macOS-10.16-x86_64-i386-64bit,3.8.5,2.2.4,8,Apple M1,,,30.5287,50.4522,16.0,machine,N,1.0
2023-07-05T14:47:15,codecarbon,c24b9442-d771-4e69-8b2d-572858a5d03a,42.16444492340088,3.09560367140717e-05,7.341739413458134e-07,5.0,0.0,6.0,5.8561160829332135e-05,0,7.027202010154724e-05,0.0001288331809308,Ukraine,UKR,,,,macOS-10.16-x86_64-i386-64bit,3.8.5,2.2.4,8,Apple M1,,,30.5287,50.4522,16.0,machine,N,1.0
2023-07-05T14:48:02,codecarbon,5925bbf7-a6dd-4265-b45b-b550cd6428d8,43.03340196609497,3.1594041019421146e-05,7.341748403789542e-07,5.0,0.0,6.0,5.976803733242883e-05,0,7.172039707501729e-05,0.0001314884344074,Ukraine,UKR,,,,macOS-10.16-x86_64-i386-64bit,3.8.5,2.2.4,8,Apple M1,,,30.5287,50.4522,16.0,machine,N,1.0
2023-07-05T14:48:51,codecarbon,de55bd13-f4d7-401e-9c28-74f261c01a27,43.974239110946655,3.2284776806916126e-05,7.341747682196818e-07,5.0,0.0,6.0,6.107476287417941e-05,0,7.328838348388672e-05,0.000134363146358,Ukraine,UKR,,,,macOS-10.16-x86_64-i386-64bit,3.8.5,2.2.4,8,Apple M1,,,30.5287,50.4522,16.0,machine,N,1.0
2023-07-05T14:49:40,codecarbon,9d49b65c-9e4c-4c5b-bdbd-0d82cf504a9f,45.82063317298889,3.36400709407303e-05,7.341686181796591e-07,5.0,0.0,6.0,6.36388682656818e-05,0,7.636475642522175e-05,0.0001400036246909,Ukraine,UKR,,,,macOS-10.16-x86_64-i386-64bit,3.8.5,2.2.4,8,Apple M1,,,30.5287,50.4522,16.0,machine,N,1.0
2023-07-05T14:50:30,codecarbon,325ab1d2-6459-403d-b1b3-a8ea9cf97dbe,44.73484325408936,3.284326133217547e-05,7.341762917471083e-07,5.0,0.0,6.0,6.213115486833785e-05,0,7.45562986532847e-05,0.0001366874535216,Ukraine,UKR,,,,macOS-10.16-x86_64-i386-64bit,3.8.5,2.2.4,8,Apple M1,,,30.5287,50.4522,16.0,machine,N,1.0
2023-07-05T14:51:18,codecarbon,28b135c8-e374-44ad-a94a-8ca6e1e1785e,44.29352116584778,3.251927742748525e-05,7.34176840575028e-07,5.0,0.0,6.0,6.151822374926673e-05,0,7.382086992263795e-05,0.0001353390936719,Ukraine,UKR,,,,macOS-10.16-x86_64-i386-64bit,3.8.5,2.2.4,8,Apple M1,,,30.5287,50.4522,16.0,machine,N,1.0
2023-07-05T14:52:07,codecarbon,df1eab3e-eafe-4167-af87-6706cde5f9f7,43.76802682876587,3.213228535059028e-05,7.341497362058787e-07,5.0,0.0,6.0,6.078676415814294e-05,0,7.294174154599508e-05,0.0001337285057041,Ukraine,UKR,,,,macOS-10.16-x86_64-i386-64bit,3.8.5,2.2.4,8,Apple M1,,,30.5287,50.4522,16.0,machine,N,1.0
2023-07-05T14:53:00,codecarbon,3ff85d8f-238d-448a-a02b-18da1df4db16,49.88068604469299,3.6620785984844624e-05,7.341676486171917e-07,5.0,0.0,6.0,6.927747395303514e-05,0,8.313132405281067e-05,0.0001524087980058,Ukraine,UKR,,,,macOS-10.16-x86_64-i386-64bit,3.8.5,2.2.4,8,Apple M1,,,30.5287,50.4522,16.0,machine,N,1.0
2023-07-05T14:53:50,codecarbon,7bf8f8af-7319-4e1d-a13e-17636878ba17,44.95439887046814,3.300435990629726e-05,7.341742017593476e-07,5.0,0.0,6.0,6.243601375155978e-05,0,7.4921901623408e-05,0.0001373579153749,Ukraine,UKR,,,,macOS-10.16-x86_64-i386-64bit,3.8.5,2.2.4,8,Apple M1,,,30.5287,50.4522,16.0,machine,N,1.0
2023-07-05T14:54:37,codecarbon,14b588f5-dfd8-4fcf-85cf-80d591b30bf7,43.33862900733948,3.181815720222526e-05,7.341754441940653e-07,5.0,0.0,6.0,6.019196146064334e-05,0,7.222920219103495e-05,0.0001324211636516,Ukraine,UKR,,,,macOS-10.16-x86_64-i386-64bit,3.8.5,2.2.4,8,Apple M1,,,30.5287,50.4522,16.0,machine,N,1.0
2023-07-05T14:55:26,codecarbon,791fe2a6-fe17-46c8-ba09-cc9256a62936,43.795817136764526,3.215385715419451e-05,7.341764409551993e-07,5.0,0.0,6.0,6.082697113355001e-05,0,7.299131234486897e-05,0.0001338182834784,Ukraine,UKR,,,,macOS-10.16-x86_64-i386-64bit,3.8.5,2.2.4,8,Apple M1,,,30.5287,50.4522,16.0,machine,N,1.0
2023-07-05T14:56:16,codecarbon,fddb1170-650b-493c-8537-7b2fdce53e0e,45.29714512825012,3.3255800245300925e-05,7.341698941764111e-07,5.0,0.0,6.0,6.291176279385885e-05,0,7.549259980519613e-05,0.000138404362599,Ukraine,UKR,,,,macOS-10.16-x86_64-i386-64bit,3.8.5,2.2.4,8,Apple M1,,,30.5287,50.4522,16.0,machine,N,1.0
2023-07-05T14:57:08,codecarbon,fb6957e5-e3d4-477d-a2b9-a82cf0cdf60c,46.614734172821045,3.422316151882543e-05,7.341704747675986e-07,5.0,0.0,6.0,6.474180254671308e-05,0,7.768853505452474e-05,0.0001424303376012,Ukraine,UKR,,,,macOS-10.16-x86_64-i386-64bit,3.8.5,2.2.4,8,Apple M1,,,30.5287,50.4522,16.0,machine,N,1.0
2023-07-05T14:58:01,codecarbon,a7c1af93-bc13-4011-8a57-3df7ef16f789,48.05633306503296,3.5281276643273566e-05,7.341649766645458e-07,5.0,0.0,6.0,6.674387090735965e-05,0,8.009014209111532e-05,0.0001468340129984,Ukraine,UKR,,,,macOS-10.16-x86_64-i386-64bit,3.8.5,2.2.4,8,Apple M1,,,30.5287,50.4522,16.0,machine,N,1.0
2023-07-05T14:58:54,codecarbon,6451d2fc-4f0e-42a7-8b41-84cabe771dee,47.75078201293945,3.505704752508799e-05,7.341669821362983e-07,5.0,0.0,6.0,6.631945371627809e-05,0,7.958136002222697e-05,0.0001459008137385,Ukraine,UKR,,,,macOS-10.16-x86_64-i386-64bit,3.8.5,2.2.4,8,Apple M1,,,30.5287,50.4522,16.0,machine,N,1.0
2023-07-05T14:59:44,codecarbon,0489ab98-fc15-450f-9aaf-4c21a9ecc2b8,45.35675120353699,3.3298995076828525e-05,7.341574119230969e-07,5.0,0.0,6.0,6.299391422006819e-05,0,7.559021711349488e-05,0.0001385841313335,Ukraine,UKR,,,,macOS-10.16-x86_64-i386-64bit,3.8.5,2.2.4,8,Apple M1,,,30.5287,50.4522,16.0,machine,N,1.0
2023-07-05T15:00:35,codecarbon,c7d07658-4d07-497a-b2d9-df5242af3644,45.75140380859375,3.3589257323190906e-05,7.341688894119057e-07,5.0,0.0,6.0,6.354269716474745e-05,0,7.624945084253947e-05,0.0001397921480072,Ukraine,UKR,,,,macOS-10.16-x86_64-i386-64bit,3.8.5,2.2.4,8,Apple M1,,,30.5287,50.4522,16.0,machine,N,1.0
2023-07-05T15:01:23,codecarbon,7624dfbb-03e8-44c6-a5af-65407fc8bea5,44.11315703392029,3.2386754989846545e-05,7.341744995703467e-07,5.0,0.0,6.0,6.126753886540731e-05,0,7.352002143859863e-05,0.000134787560304,Ukraine,UKR,,,,macOS-10.16-x86_64-i386-64bit,3.8.5,2.2.4,8,Apple M1,,,30.5287,50.4522,16.0,machine,N,1.0
2023-07-05T15:02:11,codecarbon,765ba0a9-5712-45f4-b72d-527a3a608c80,42.75663900375366,3.139056112406784e-05,7.341681164722049e-07,5.0,0.0,6.0,5.93834184938007e-05,0,7.125817100207012e-05,0.0001306415894958,Ukraine,UKR,,,,macOS-10.16-x86_64-i386-64bit,3.8.5,2.2.4,8,Apple M1,,,30.5287,50.4522,16.0,machine,N,1.0
2023-07-05T15:03:02,codecarbon,bf0b6893-7585-4b06-b24b-0b44f72de876,47.16856908798218,3.462934474949042e-05,7.341614430765813e-07,5.0,0.0,6.0,6.551039715607962e-05,0,7.861039837201437e-05,0.000144120795528,Ukraine,UKR,,,,macOS-10.16-x86_64-i386-64bit,3.8.5,2.2.4,8,Apple M1,,,30.5287,50.4522,16.0,machine,N,1.0
2023-07-05T15:03:49,codecarbon,e819494b-16ce-4ab7-ab25-616062020807,41.60901594161987,3.054812484165827e-05,7.341708077047353e-07,5.0,0.0,6.0,5.778937538464864e-05,0,6.93461533387502e-05,0.0001271355287233,Ukraine,UKR,,,,macOS-10.16-x86_64-i386-64bit,3.8.5,2.2.4,8,Apple M1,,,30.5287,50.4522,16.0,machine,N,1.0
2023-07-05T15:04:35,codecarbon,a5c95716-3360-4ebe-a78a-4368e42bd53a,43.13480615615845,3.1667065511287584e-05,7.341418296084405e-07,5.0,0.0,6.0,5.990728769037458e-05,0,7.18850608666738e-05,0.000131792348557,Ukraine,UKR,,,,macOS-10.16-x86_64-i386-64bit,3.8.5,2.2.4,8,Apple M1,,,30.5287,50.4522,16.0,machine,N,1.0
2023-07-05T15:05:22,codecarbon,407a50ca-43d0-4c4d-91d9-57d1c113fd0e,41.88093900680542,3.074766590672333e-05,7.341684937323638e-07,5.0,0.0,6.0,5.816693206628165e-05,0,6.979904890060424e-05,0.0001279659809668,Ukraine,UKR,,,,macOS-10.16-x86_64-i386-64bit,3.8.5,2.2.4,8,Apple M1,,,30.5287,50.4522,16.0,machine,N,1.0
2023-07-05T15:06:07,codecarbon,60724bfd-1f43-4d91-a517-158ed8857083,41.84285593032837,3.07199495399634e-05,7.341743018477162e-07,5.0,0.0,6.0,5.8114419380823776e-05,0,6.973621129989624e-05,0.0001278506306807,Ukraine,UKR,,,,macOS-10.16-x86_64-i386-64bit,3.8.5,2.2.4,8,Apple M1,,,30.5287,50.4522,16.0,machine,N,1.0
2023-07-05T15:06:54,codecarbon,f2f388ec-4099-4b7e-9aea-c4865f4807dc,41.93602919578552,3.078824073924488e-05,7.341715782270351e-07,5.0,0.0,6.0,5.824361708429125e-05,0,6.989122867584229e-05,0.0001281348457601,Ukraine,UKR,,,,macOS-10.16-x86_64-i386-64bit,3.8.5,2.2.4,8,Apple M1,,,30.5287,50.4522,16.0,machine,N,1.0
2023-07-05T15:07:41,codecarbon,ef2546b7-81c2-4f08-9097-f87c1d499b8d,41.93314599990845,3.078621173743937e-05,7.341736710502614e-07,5.0,0.0,6.0,5.8239710662100045e-05,0,6.988669077555339e-05,0.0001281264014376,Ukraine,UKR,,,,macOS-10.16-x86_64-i386-64bit,3.8.5,2.2.4,8,Apple M1,,,30.5287,50.4522,16.0,machine,N,1.0
2023-07-05T15:08:27,codecarbon,02cb3dcd-d8dc-4884-9f44-ad775187fda2,41.66532921791077,3.058960392106109e-05,7.341740601898681e-07,5.0,0.0,6.0,5.786782536241743e-05,0,6.944033145904542e-05,0.0001273081568214,Ukraine,UKR,,,,macOS-10.16-x86_64-i386-64bit,3.8.5,2.2.4,8,Apple M1,,,30.5287,50.4522,16.0,machine,N,1.0
2023-07-05T15:09:14,codecarbon,9fe32c5f-f31d-4aed-bda4-f9e6ea0d6be5,43.34131503105164,3.1819705771157474e-05,7.341656742154784e-07,5.0,0.0,6.0,6.019496752156151e-05,0,7.22326409816742e-05,0.0001324276085032,Ukraine,UKR,,,,macOS-10.16-x86_64-i386-64bit,3.8.5,2.2.4,8,Apple M1,,,30.5287,50.4522,16.0,machine,N,1.0
2023-07-05T15:10:01,codecarbon,f0b1dce0-08ac-49da-910d-479dfacf8f27,42.03794813156128,3.0863006237350574e-05,7.341701393408216e-07,5.0,0.0,6.0,5.838507579432594e-05,0,7.00609298547109e-05,0.000128446005649,Ukraine,UKR,,,,macOS-10.16-x86_64-i386-64bit,3.8.5,2.2.4,8,Apple M1,,,30.5287,50.4522,16.0,machine,N,1.0
2023-07-05T15:10:48,codecarbon,8640da23-cea2-49d3-871e-88a778a06fdc,42.33146500587464,3.107860718468825e-05,7.34172728970643e-07,5.0,0.0,6.0,5.879292984803518e-05,0,7.055036624272665e-05,0.0001293432960907,Ukraine,UKR,,,,macOS-10.16-x86_64-i386-64bit,3.8.5,2.2.4,8,Apple M1,,,30.5287,50.4522,16.0,machine,N,1.0
2023-07-05T15:11:35,codecarbon,dcee7b6d-4ad7-4e89-b6eb-dfcb5a1c4b06,41.85366702079773,3.072746409506798e-05,7.341642030983576e-07,5.0,0.0,6.0,5.812883774439494e-05,0,6.975306709607442e-05,0.0001278819048404,Ukraine,UKR,,,,macOS-10.16-x86_64-i386-64bit,3.8.5,2.2.4,8,Apple M1,,,30.5287,50.4522,16.0,machine,N,1.0
2023-07-05T15:12:20,codecarbon,5caee578-0690-49ff-ba44-391570cf3072,41.85269713401794,3.0727222247536976e-05,7.341754379447588e-07,5.0,0.0,6.0,5.81281582514445e-05,0,6.975274006525675e-05,0.0001278808983167,Ukraine,UKR,,,,macOS-10.16-x86_64-i386-64bit,3.8.5,2.2.4,8,Apple M1,,,30.5287,50.4522,16.0,machine,N,1.0
2023-07-05T15:13:06,codecarbon,f8fd36d4-dece-4f89-931d-68de5a94b2eb,40.94488883018494,3.006057742123869e-05,7.341716702641958e-07,5.0,0.0,6.0,5.686723358101315e-05,0,6.82392148176829e-05,0.0001251064483986,Ukraine,UKR,,,,macOS-10.16-x86_64-i386-64bit,3.8.5,2.2.4,8,Apple M1,,,30.5287,50.4522,16.0,machine,N,1.0
2023-07-05T15:13:51,codecarbon,d14a769f-80c8-4af1-a048-77f27e66df62,41.64023399353027,3.0571077792305417e-05,7.341716138544108e-07,5.0,0.0,6.0,5.783277816242642e-05,0,6.939827640851339e-05,0.0001272310545709,Ukraine,UKR,,,,macOS-10.16-x86_64-i386-64bit,3.8.5,2.2.4,8,Apple M1,,,30.5287,50.4522,16.0,machine,N,1.0
2023-07-05T15:14:39,codecarbon,a6b3b40b-08bf-475c-88bb-b71c9d561771,42.63220191001892,3.129892641854286e-05,7.341616200027275e-07,5.0,0.0,6.0,5.921013355255127e-05,0,7.105008959770203e-05,0.0001302602231502,Ukraine,UKR,,,,macOS-10.16-x86_64-i386-64bit,3.8.5,2.2.4,8,Apple M1,,,30.5287,50.4522,16.0,machine,N,1.0
2023-07-05T15:15:27,codecarbon,dd2d9ca2-bf03-443d-99ae-5cd79716adfb,45.02974510192871,3.3059477369170726e-05,7.341697647707698e-07,5.0,0.0,6.0,6.254050864113702e-05,0,7.504679520924887e-05,0.0001375873038503,Ukraine,UKR,,,,macOS-10.16-x86_64-i386-64bit,3.8.5,2.2.4,8,Apple M1,,,30.5287,50.4522,16.0,machine,N,1.0
2023-07-05T15:16:18,codecarbon,cefe6b91-0176-4cf8-b613-a87cb16b0140,45.9118378162384,3.370639846154584e-05,7.341548512271565e-07,5.0,0.0,6.0,6.376484268241459e-05,0,7.651482462882996e-05,0.0001402796673112,Ukraine,UKR,,,,macOS-10.16-x86_64-i386-64bit,3.8.5,2.2.4,8,Apple M1,,,30.5287,50.4522,16.0,machine,N,1.0
2023-07-05T15:17:04,codecarbon,024c93e2-2073-4ddf-b6f6-4b9a412fb3e8,42.32038307189941,3.106994449829261e-05,7.34160285021686e-07,5.0,0.0,6.0,5.8776784936587016e-05,0,7.053045868873596e-05,0.0001293072436253,Ukraine,UKR,,,,macOS-10.16-x86_64-i386-64bit,3.8.5,2.2.4,8,Apple M1,,,30.5287,50.4522,16.0,machine,N,1.0
2023-07-05T15:17:51,codecarbon,53846ceb-4279-4073-aae1-f5c434d9b455,41.27250695228577,3.030118392017947e-05,7.341735735900414e-07,5.0,0.0,6.0,5.732226934697893e-05,0,6.878553787867228e-05,0.0001261078072256,Ukraine,UKR,,,,macOS-10.16-x86_64-i386-64bit,3.8.5,2.2.4,8,Apple M1,,,30.5287,50.4522,16.0,machine,N,1.0
2023-07-05T15:18:38,codecarbon,ac25a3b4-0222-4829-9ab7-65acbe15b746,43.37936902046204,3.184734941497908e-05,7.3415889013869e-07,5.0,0.0,6.0,6.024736430909898e-05,0,7.22952918211619e-05,0.0001325426561302,Ukraine,UKR,,,,macOS-10.16-x86_64-i386-64bit,3.8.5,2.2.4,8,Apple M1,,,30.5287,50.4522,16.0,machine,N,1.0
2023-07-05T15:19:28,codecarbon,ed18b407-3ee8-4e88-8394-5181b02fcb48,44.61533117294312,3.27554729380846e-05,7.341752728700822e-07,5.0,0.0,6.0,6.196512480576833e-05,0,7.435696999231973e-05,0.000136322094798,Ukraine,UKR,,,,macOS-10.16-x86_64-i386-64bit,3.8.5,2.2.4,8,Apple M1,,,30.5287,50.4522,16.0,machine,N,1.0
2023-07-05T15:20:19,codecarbon,05e168b3-be0b-46f0-9ea1-9e3b139ebb99,47.3688850402832,3.44060229507482e-07,7.263422586680858e-09,5.0,0.0,6.0,6.578860680262247e-05,0,7.894365429878234e-05,0.0001447322611014,Canada,CAN,quebec,,,macOS-10.16-x86_64-i386-64bit,3.8.5,2.2.4,8,Apple M1,,,-71.2,46.8,16.0,machine,N,1.0
2023-07-05T15:21:09,codecarbon,e624b0db-5806-4a68-a040-3d08b804d1a9,43.74074125289917,3.21133662633578e-05,7.341751726996465e-07,5.0,0.0,6.0,6.075035134951274e-05,0,7.289941668510437e-05,0.0001336497680346,Ukraine,UKR,,,,macOS-10.16-x86_64-i386-64bit,3.8.5,2.2.4,8,Apple M1,,,30.5287,50.4522,16.0,machine,N,1.0
2023-07-05T15:21:56,codecarbon,d4a425df-50b0-4af5-9de0-dbe7a518fbca,43.25786209106445,3.175872239969571e-05,7.341722605901955e-07,5.0,0.0,6.0,6.007969578107199e-05,0,7.209411144256591e-05,0.0001321738072236,Ukraine,UKR,,,,macOS-10.16-x86_64-i386-64bit,3.8.5,2.2.4,8,Apple M1,,,30.5287,50.4522,16.0,machine,N,1.0
2023-07-05T15:22:44,codecarbon,8859747b-4362-4241-9364-46d454fb5d48,42.819786071777344,3.143713066593541e-05,7.341729968766874e-07,5.0,0.0,6.0,5.9471116794480215e-05,0,7.136428634325663e-05,0.0001308354031377,Ukraine,UKR,,,,macOS-10.16-x86_64-i386-64bit,3.8.5,2.2.4,8,Apple M1,,,30.5287,50.4522,16.0,machine,N,1.0
2023-07-05T15:23:30,codecarbon,7878ae99-2421-4d89-a31e-89f5a6afe54d,42.33100891113281,3.107818504155742e-05,7.341706668697904e-07,5.0,0.0,6.0,5.879213975535498e-05,0,7.054939945538838e-05,0.0001293415392107,Ukraine,UKR,,,,macOS-10.16-x86_64-i386-64bit,3.8.5,2.2.4,8,Apple M1,,,30.5287,50.4522,16.0,machine,N,1.0
2023-07-05T15:24:20,codecarbon,1d198e54-a298-4066-9d27-4b0b9e2855dc,45.24769687652588,3.321882863545948e-05,7.341551267484097e-07,5.0,0.0,6.0,6.284228497081332e-05,0,7.540820876757305e-05,0.0001382504937383,Ukraine,UKR,,,,macOS-10.16-x86_64-i386-64bit,3.8.5,2.2.4,8,Apple M1,,,30.5287,50.4522,16.0,machine,N,1.0
2023-07-05T15:25:13,codecarbon,496acca8-e759-4b80-be96-fc5fc0a92bfa,49.09163808822632,3.604090460477406e-05,7.341556731108097e-07,5.0,0.0,6.0,6.818136109246149e-05,0,8.181408007939658e-05,0.0001499954411718,Ukraine,UKR,,,,macOS-10.16-x86_64-i386-64bit,3.8.5,2.2.4,8,Apple M1,,,30.5287,50.4522,16.0,machine,N,1.0
2023-07-05T15:26:03,codecarbon,f145a89e-d8c7-4abb-97b2-14dd29d4301b,44.72642469406128,3.283695981796053e-05,7.341735907256764e-07,5.0,0.0,6.0,6.211926804648505e-05,0,7.454195976257324e-05,0.000136661227809,Ukraine,UKR,,,,macOS-10.16-x86_64-i386-64bit,3.8.5,2.2.4,8,Apple M1,,,30.5287,50.4522,16.0,machine,N,1.0
2023-07-05T15:26:54,codecarbon,021a62e4-90bb-40fc-888c-39d5ea142ada,46.74657487869263,3.431910898102919e-05,7.341523752293572e-07,5.0,0.0,6.0,6.492354770501455e-05,0,7.790610512097678e-05,0.0001428296528259,Ukraine,UKR,,,,macOS-10.16-x86_64-i386-64bit,3.8.5,2.2.4,8,Apple M1,,,30.5287,50.4522,16.0,machine,N,1.0
2023-07-05T15:27:45,codecarbon,77d5b570-c976-46c6-b42e-2f90dc239113,45.31472110748291,3.3268273900100924e-05,7.341604027792917e-07,5.0,0.0,6.0,6.293566756778293e-05,0,7.552060802777607e-05,0.0001384562755955,Ukraine,UKR,,,,macOS-10.16-x86_64-i386-64bit,3.8.5,2.2.4,8,Apple M1,,,30.5287,50.4522,16.0,machine,N,1.0
2023-07-05T15:28:35,codecarbon,51702edb-3562-41d6-814a-5df60dad6579,45.38939809799194,3.332329228791661e-05,7.341646658537834e-07,5.0,0.0,6.0,6.303966310289172e-05,0,7.564558863639832e-05,0.0001386852517392,Ukraine,UKR,,,,macOS-10.16-x86_64-i386-64bit,3.8.5,2.2.4,8,Apple M1,,,30.5287,50.4522,16.0,machine,N,1.0
2023-07-05T15:29:26,codecarbon,ccaeeb63-5958-437f-98c3-a708bf6a1039,45.525537729263306,3.342355242723359e-05,7.341715022895667e-07,5.0,0.0,6.0,6.322904957665337e-05,0,7.58734659353892e-05,0.000139102515512,Ukraine,UKR,,,,macOS-10.16-x86_64-i386-64bit,3.8.5,2.2.4,8,Apple M1,,,30.5287,50.4522,16.0,machine,N,1.0
2023-07-05T15:30:14,codecarbon,cbaed3b0-a8db-4364-838e-f78577784da9,43.50368785858154,3.19392558846924e-05,7.341735254380753e-07,5.0,0.0,6.0,6.042102211051517e-05,0,7.250413139661154e-05,0.0001329251535071,Ukraine,UKR,,,,macOS-10.16-x86_64-i386-64bit,3.8.5,2.2.4,8,Apple M1,,,30.5287,50.4522,16.0,machine,N,1.0
2023-07-05T15:31:03,codecarbon,9e3d6450-f466-400f-9344-334ae70fa7a5,44.46483898162842,3.2644689853244354e-05,7.341686285366331e-07,5.0,0.0,6.0,6.175564659966363e-05,0,7.410538991292318e-05,0.0001358610365125,Ukraine,UKR,,,,macOS-10.16-x86_64-i386-64bit,3.8.5,2.2.4,8,Apple M1,,,30.5287,50.4522,16.0,machine,N,1.0
2023-07-05T15:31:49,codecarbon,a45e54b8-6dbe-4d95-a0cb-ed7a0a979598,40.99594402313232,3.009815143798457e-05,7.341738836652091e-07,5.0,0.0,6.0,5.693806774086423e-05,0,6.832475662231446e-05,0.0001252628243631,Ukraine,UKR,,,,macOS-10.16-x86_64-i386-64bit,3.8.5,2.2.4,8,Apple M1,,,30.5287,50.4522,16.0,machine,N,1.0
2023-07-05T15:32:38,codecarbon,5c486bb4-a9d7-48f4-8ff4-7705e9851df6,44.508868932724,3.267716031103134e-05,7.341718874146968e-07,5.0,0.0,6.0,6.18169625600179e-05,0,7.41792098681132e-05,0.0001359961724281,Ukraine,UKR,,,,macOS-10.16-x86_64-i386-64bit,3.8.5,2.2.4,8,Apple M1,,,30.5287,50.4522,16.0,machine,N,1.0
2023-07-05T15:33:27,codecarbon,6fccb413-9dc7-46fc-8d61-2a91f178877b,44.74851083755493,3.2852740202270615e-05,7.341638769060252e-07,5.0,0.0,6.0,6.214943296379514e-05,0,7.457746982574463e-05,0.0001367269027895,Ukraine,UKR,,,,macOS-10.16-x86_64-i386-64bit,3.8.5,2.2.4,8,Apple M1,,,30.5287,50.4522,16.0,machine,N,1.0
2023-07-05T15:34:16,codecarbon,124bd47f-400d-4f5e-b449-0a5dc77d0966,43.706708908081055,3.2088017911418275e-05,7.341668753623642e-07,5.0,0.0,6.0,6.070291797320048e-05,0,7.284135500590006e-05,0.0001335442729791,Ukraine,UKR,,,,macOS-10.16-x86_64-i386-64bit,3.8.5,2.2.4,8,Apple M1,,,30.5287,50.4522,16.0,machine,N,1.0
2023-07-05T15:35:03,codecarbon,46e34f81-b1ae-4885-ad16-79da432a3390,43.21681809425354,3.1728425227933464e-05,7.341684702176705e-07,5.0,0.0,6.0,6.002237531873916e-05,0,7.202534079551697e-05,0.0001320477161142,Ukraine,UKR,,,,macOS-10.16-x86_64-i386-64bit,3.8.5,2.2.4,8,Apple M1,,,30.5287,50.4522,16.0,machine,N,1.0
2023-07-05T15:35:49,codecarbon,0fc2bd83-dada-4268-b4d7-b9ecd1025fb7,41.23204398155213,3.0271381662225724e-05,7.341712595128591e-07,5.0,0.0,6.0,5.726581613222758e-05,0,6.871795972188314e-05,0.0001259837758541,Ukraine,UKR,,,,macOS-10.16-x86_64-i386-64bit,3.8.5,2.2.4,8,Apple M1,,,30.5287,50.4522,16.0,machine,N,1.0
2023-07-05T15:35:49,codecarbon,936a5051-937b-4b90-9994-92cf373719d6,6945.9075746536255,0.0050994785000541,7.341702211331887e-07,5.0,0.0,6.0,0.0096469781421952,0,0.0115760886967182,0.0212230668389135,Ukraine,UKR,,,,macOS-10.16-x86_64-i386-64bit,3.8.5,2.2.4,8,Apple M1,,,30.5287,50.4522,16.0,machine,N,1.0
2023-07-05T15:35:49,codecarbon,074a25d2-f7bf-4657-a0a3-19b1523b7d10,6951.611409902573,0.00510368503928,7.341729475859199e-07,5.0,0.0,6.0,0.0096548982931508,0,0.0115856753679116,0.0212405736610624,Ukraine,UKR,,,,macOS-10.16-x86_64-i386-64bit,3.8.5,2.2.4,8,Apple M1,,,30.5287,50.4522,16.0,machine,N,1.0
2023-07-10T14:47:36,codecarbon,f085fc97-c56c-4e91-9e7c-f905cf499873,4.741246938705444,3.48061538652579e-06,7.341139222493527e-07,5.0,0.0,6.0,6.584794322649637e-06,0,7.900869846343995e-06,1.4485664168993631e-05,Ukraine,UKR,kyiv city,,,macOS-10.16-x86_64-i386-64bit,3.8.5,2.2.4,8,Apple M1,,,30.5303,50.458,16.0,machine,N,1.0
2023-07-10T14:48:38,codecarbon,8176e3b3-714b-4184-8c32-1cb89e226fc6,5.3116443157196045,3.899324371531275e-06,7.341087128125986e-07,5.0,0.0,6.0,7.376934753523933e-06,0,8.851317167282105e-06,1.622825192080604e-05,Ukraine,UKR,kyiv city,,,macOS-10.16-x86_64-i386-64bit,3.8.5,2.2.4,8,Apple M1,,,30.5303,50.458,16.0,machine,N,1.0
2023-07-10T15:16:04,codecarbon,506014a6-09bc-41d1-871e-70514adbc807,5.762465953826904,4.230309124128024e-06,7.341143805489452e-07,5.0,0.0,6.0,8.003092805544534e-06,0,9.602655172348024e-06,1.760574797789256e-05,Ukraine,UKR,rivne,,,macOS-10.16-x86_64-i386-64bit,3.8.5,2.2.4,8,Apple M1,,,26.2396,50.6223,16.0,machine,N,1.0
2023-07-10T15:25:23,codecarbon,48b16543-6e46-4293-ada0-36ed6810e1be,6.448317289352417,4.733864725107617e-06,7.341240377430347e-07,5.0,0.0,6.0,8.955521053738064e-06,0,1.0745930274327597e-05,1.970145132806566e-05,Ukraine,UKR,rivne,,,macOS-10.16-x86_64-i386-64bit,3.8.5,2.2.4,8,Apple M1,,,26.2396,50.6223,16.0,machine,N,1.0
